#{"t_start": 1791288671.366689, "env_id": "None"}
r,l,t
120.960755,1000,1.869729
-6.931558,401,2.599662
40.673091,690,5.100289
1.015344,527,6.056205
132.172402,1000,7.887094
4.63457,742,10.489501
141.82941,1000,12.341969
35.255556,1000,15.397797
47.073367,1000,17.210792
82.557562,823,18.717768
-8.241907,478,20.815115
-7.493371,410,21.561989
127.985765,1000,23.39085
90.29834,1000,26.434412
165.08926,1000,28.276901
-8.281466,367,30.179581
398.763052,1000,32.017903
27.808515,93,32.187745
251.710936,1000,35.274612
-6.886433,284,35.804782
64.078151,1000,37.647267
169.445125,630,40.015829
104.822759,1000,41.842819
-19.059257,199,42.205313
-15.312689,216,42.606111
-7.28137,426,43.384299
47.379429,1000,46.4308
-6.587441,412,47.189245
-22.347297,103,47.374874
20.154034,792,50.042082
-14.957634,286,50.554229
83.179878,832,52.080397
35.121571,254,52.546925
-19.423265,167,52.856855
74.767167,1000,55.88824
4.772276,566,56.922373
87.729442,1000,59.976927
-20.866135,239,60.411592
51.994493,1000,62.250087
5.132017,676,63.504283
147.990342,1000,66.534733
24.226065,658,67.744489
144.442872,762,70.375835
58.254262,337,70.985807
84.242813,1000,72.812372
126.220087,1000,75.818486
148.843013,604,76.930727
0.301716,414,77.683757
187.313289,1000,80.729012
-20.893122,166,81.03794
-16.427905,227,81.45404
293.551395,1000,83.29503
81.791207,1000,86.339303
99.788948,745,87.684506
31.458149,531,89.912467
-16.975343,237,90.34345
78.90526,1000,92.156314
-10.990751,894,94.974484
-20.106615,136,95.220925
78.711989,1000,97.039591
-12.587075,389,97.745905
24.44029,200,98.110992
45.785639,1000,101.151531
148.427392,1000,102.999699
33.769273,381,104.914874
21.294975,843,106.467082
86.376267,657,107.680183
3.747145,714,110.195782
94.19432,713,111.506456
6.05196,443,112.315894
1.802255,683,114.763715
402.012272,1000,116.608081
99.695118,1000,119.656705
43.424978,633,120.816297
67.259656,359,121.472344
239.769106,1000,124.514132
41.445237,849,126.070135
-24.654271,387,126.777781
142.408693,641,127.967644
110.264166,525,130.141029
221.243739,1000,131.952794
178.379739,1000,135.026133
40.680259,623,136.147566
86.253931,1000,139.167746
151.957667,952,140.923781
149.630049,334,141.537577
231.842076,551,142.561118
236.908233,965,145.545048
197.264878,1000,147.38298
138.661836,1000,150.427258
126.608284,1000,152.279126
117.96511,688,154.754469
36.305724,903,156.393659
65.895024,1000,159.486804
34.608255,1000,161.287846
-24.573517,761,162.677909
1.865823,515,164.834488
142.945393,1000,166.677114
13.825721,806,169.379157
147.112504,1000,171.221403
-20.039481,200,171.596634
260.271033,1000,174.629702
-19.963011,265,175.111541
145.501384,574,176.153335
-13.881241,565,177.188531
130.230948,1000,180.170998
11.5282,864,181.714572
60.390146,454,182.541579
0.232625,574,184.801467
105.97794,533,185.775101
-23.253696,106,185.971792
184.140328,1000,189.0095
132.89103,1000,190.836519
69.862171,1000,193.862305
25.440409,194,194.213661
124.686742,1000,196.045939
-16.224368,246,196.484339
154.70888,1000,199.537753
103.29274,993,201.321182
8.75086,507,202.256241
168.581792,1000,205.390101
-11.46145,345,206.026313
-23.784837,91,206.200171
3.001866,423,206.987318
139.039978,750,209.714134
-20.025875,100,209.898739
156.835622,1000,211.793705
107.343171,1000,215.001956
-13.84358,450,215.884969
76.352232,1000,217.86386
85.977662,648,220.431543
226.145108,1000,222.401359
-22.34386,120,222.637367
-15.613594,218,223.06601
-10.107151,289,224.976054
51.768096,1000,226.901496
41.866004,1000,230.078829
48.113356,418,230.870453
51.731316,517,231.823167
-11.675078,623,232.974509
35.895767,735,235.634682
146.106032,640,236.833941
110.442573,1000,238.713646
66.528108,313,240.616682
26.852334,796,242.089343
174.962482,1000,245.282411
189.034546,1000,247.202922
59.198748,890,248.867115
102.382496,1000,251.888163
29.14243,425,252.638933
-17.536847,337,253.244852
-6.786936,381,253.923228
57.026692,902,256.810321
174.411194,1000,258.638086
156.561374,1000,261.732718
9.413725,911,263.372824
132.943985,1000,266.425939
-10.56817,343,267.041941
78.801419,1000,268.857808
268.926758,1000,271.942442
110.092374,1000,273.780607
93.274167,1000,276.847603
63.915288,1000,278.655969
28.262521,1000,281.680386
73.123634,1000,283.490921
136.542664,422,285.519266
279.706382,1000,287.342391
-0.190238,710,288.639998
267.188504,1000,291.72478
37.42877,301,292.281727
154.850508,607,293.416742
306.75764,1000,296.457297
162.581082,1000,298.264823
115.450121,1000,301.341944
9.784759,315,301.901218
417.243633,1000,304.990344
-13.069325,292,305.510253
146.347219,1000,307.337052
102.512743,1000,310.423793
74.112625,825,311.929209
146.482574,1000,315.011324
93.521838,894,316.634867
170.288992,1000,318.467061
46.488329,1000,321.492
96.797565,1000,323.297087
-23.946878,122,323.516122
58.166018,1000,326.596852
158.000636,1000,328.432234
122.800593,1000,331.503464
136.503513,1000,333.340967
184.41433,1000,336.406808
-14.039663,418,337.174302
-22.169655,95,337.349459
-19.373672,160,337.643828
-19.929699,186,337.989533
54.142555,294,338.542133
173.273273,1000,341.61351
-22.68039,122,341.83612
112.783265,1000,344.894326
29.787307,612,346.023123
158.057904,1000,347.85318
-19.389772,139,348.10549
300.797665,1000,351.169618
140.588485,1000,352.983135
178.184772,1000,356.053663
203.300987,1000,357.894949
269.54949,1000,360.985224
104.585403,609,362.08713
120.990659,1000,365.118998
-13.084864,264,365.596873
121.265329,402,366.345828
69.657613,1000,368.161582
210.290218,1000,371.22728
204.764913,1000,373.097401
122.441416,1000,376.164083
81.827609,338,376.785565
373.690995,1000,379.858643
-7.036856,642,381.045331
179.32921,1000,382.88841
-23.668821,96,383.06425
-18.626365,123,383.288925
52.041856,969,386.304387
-19.720441,200,386.672948
-21.250432,481,387.55904
32.101754,627,389.919152
80.143212,1000,391.77076
239.663797,1000,394.84597
197.505786,1000,396.677194
236.422511,1000,399.767817
20.062028,408,400.52879
35.088244,675,401.771381
-8.093206,528,402.731325
296.584418,1000,405.789844
143.832554,1000,407.62197
210.276438,1000,410.698025
183.852799,1000,412.54477
158.116333,828,415.285168
356.049104,955,417.060499
23.311031,1000,420.103472
12.19709,1000,421.921548
94.024986,1000,424.983716
85.042931,1000,426.810388
49.177022,1000,429.837668
-18.081675,248,430.290373
163.49449,1000,432.140141
-11.685632,439,432.953006
155.63259,1000,436.009061
142.606533,1000,437.876492
54.408386,1000,440.940553
-16.717079,311,441.510429
122.09274,745,442.87446
138.673011,1000,445.954835
44.492594,494,446.888649
60.381278,457,447.727474
300.109869,1000,450.772723
96.860678,307,451.333972
51.69408,1000,453.151222
300.046766,1000,456.225214
-21.118049,105,456.418688
-16.103795,127,456.653466
-15.659636,471,457.520263
-13.38116,372,458.217028
316.094269,1000,461.287708
198.430449,1000,463.096791
-15.042566,235,464.752827
34.622828,354,465.416075
136.167387,512,466.378715
154.728356,1000,468.245136
185.080402,1000,471.341152
52.75527,1000,473.15601
148.600685,840,475.959154
95.810302,918,477.654231
58.429308,1000,480.685489
89.649739,264,481.174322
32.437568,340,481.800151
-9.469378,310,482.365997
138.910082,497,483.292569
54.926852,456,485.345324
59.468979,1000,487.179041
-17.622983,191,487.532948
211.323481,981,490.614957
322.991098,1000,492.449169
102.378002,551,494.686816
11.827578,718,496.010449
227.305193,970,497.795076
26.14588,1000,500.817379
35.477529,1000,502.644043
448.746831,1000,505.6744
67.507223,626,506.841931
-5.714873,779,508.286359
143.220655,1000,511.373555
144.273256,787,512.826196
-21.214887,283,513.341957
-19.931297,297,515.100009
85.49309,728,516.455196
118.897993,1000,518.313491
-2.274669,618,520.676195
-22.480075,123,520.901041
37.5615,434,521.712926
64.819068,1000,524.739037
80.1425,1000,526.554406
93.507801,1000,529.606039
-17.54442,172,529.918473
56.053911,1000,531.737978
-19.02132,174,532.05853
105.098447,1000,535.109818
125.618243,911,536.771108
161.145658,1000,539.830108
183.315272,923,541.521314
-8.020508,443,542.322122
-12.391786,310,542.89407
-30.740797,684,545.349296
91.891468,1000,547.158912
26.770117,524,548.115865
156.510212,752,550.705377
154.718722,1000,552.534035
-12.206072,442,554.545332
-6.206387,696,555.808299
34.08323,1000,557.611249
105.109645,897,560.459477
108.237952,351,561.105942
569.207184,1000,562.974266
228.182556,1000,566.056069
147.397143,1000,567.905106
142.567219,1000,570.985667
44.047431,671,572.247531
88.693407,1000,575.313214
222.849334,1000,577.174596
-22.769276,190,577.52991
-24.391101,91,577.698876
0.602336,259,579.403676
-22.386504,111,579.604681
-23.648563,105,579.799323
214.311388,1000,581.6231
-22.984404,93,581.793801
64.68062,442,582.607585
58.803925,803,585.314028
271.807509,1000,587.142895
97.761812,1000,590.23947
151.305316,664,591.464515
-17.227204,582,592.530694
-1.704412,268,593.031056
4.269243,426,595.063528
111.095155,1000,596.889874
21.608483,506,597.830368
42.67638,1000,600.890455
130.317879,1000,602.753304
83.120583,576,605.03979
-10.227939,273,605.528651
157.190136,1000,607.345255
122.474582,1000,610.435139
318.908379,1000,612.272683
186.160869,1000,615.34161
-13.253691,382,616.048766
62.483735,1000,617.871137
103.060484,1000,620.89599
120.9617,1000,622.722425
100.373242,799,625.391956
25.650291,1000,627.220994
104.699249,1000,630.271407
68.444687,1000,632.093936
-15.404439,302,632.650128
203.684583,1000,635.721754
33.236575,539,636.722919
58.041306,1000,639.804226
89.006381,1000,641.644861
125.259346,1000,644.772705
30.92548,714,646.061557
5.83788,619,647.180886
-14.222485,409,647.912075
-13.777682,282,649.665632
17.552755,1000,651.484162
31.221025,415,652.253755
-3.182571,402,654.23579
24.017343,419,655.010784
58.86916,1000,656.814551
30.670712,1000,659.895578
209.009493,1000,661.736247
59.304096,1000,664.772475
-19.244826,179,665.102797
42.134612,955,666.848723
132.655925,1000,669.903914
65.058081,1000,671.709644
111.589432,1000,674.779727
-22.369769,116,674.995267
134.584107,1000,676.852921
55.61103,1000,679.889876
85.771489,332,680.511668
-17.823051,342,681.14345
151.28864,686,682.399551
59.44014,1000,685.430303
40.047957,526,686.374607
79.565662,322,686.964449
126.90717,1000,690.014817
105.13601,1000,691.827405
120.703688,1000,694.891611
32.499526,1000,696.698416
138.659007,1000,699.763737
87.717748,1000,701.631634
101.385728,1000,704.675396
36.284873,987,706.497294
251.495736,1000,709.577381
57.438232,848,711.144934
-18.997792,134,711.389318
9.773151,810,714.080947
-15.85171,258,714.542076
66.678923,439,715.348658
219.380005,1000,717.213584
63.935631,452,719.276035
48.71139,1000,721.100485
127.879094,1000,724.111765
140.202883,1000,725.937706
-2.840313,557,726.956544
58.269843,1000,730.022893
-3.018817,743,731.376852
45.860312,1000,734.390326
182.587389,1000,736.233358
32.011403,1000,739.292655
154.698101,624,740.448405
-19.266742,129,740.683554
-13.262536,335,741.309221
-17.700486,198,741.672313
36.044407,540,743.876478
-7.695786,388,744.587263
120.360025,669,745.812297
-13.280501,237,746.246178
-20.745233,123,746.471496
196.476247,886,749.325394
234.39678,1000,751.170417
-21.925008,114,751.375895
46.60042,861,754.177239
58.153081,1000,755.980471
80.481451,1000,759.032459
131.63949,982,760.84037
41.263563,1000,763.894511
151.37017,1000,765.751631
116.715837,325,766.343201
44.740088,500,767.261776
73.569827,576,769.551776
-5.887326,311,770.133973
54.435482,713,771.57647
90.454355,1000,774.69038
83.86306,1000,776.200069
95.804405,1000,779.023527
130.698785,1000,780.776342
-18.323367,177,781.090732
201.96148,1000,784.16915
270.767925,1000,786.005163
43.869689,368,786.685762
104.885698,1000,789.945319
-18.914893,257,790.439908
173.945727,1000,793.755579
-10.669181,218,794.177583
-16.959726,468,795.076679
151.507762,1000,796.970423
289.181228,926,800.120657
104.076128,1000,802.036993
138.476898,1000,805.205137
146.600251,663,806.446347
60.441873,1000,809.644744
55.505158,1000,811.531016
105.126194,1000,814.735649
-18.112569,213,815.127904
287.645861,1000,816.98236
125.006017,1000,820.266376
105.700462,882,821.89976
225.796123,1000,824.90861
62.013633,342,825.529171
53.598479,587,826.577199
29.540155,1000,829.651577
-9.94846,557,830.662838
137.175712,725,832.001438
19.609175,729,834.583367
35.396013,1000,836.377434
182.377841,1000,838.229306
197.774317,785,840.900322
59.149214,517,841.840417
185.651709,1000,844.907444
65.755877,822,846.442895
78.089367,780,847.86167
-14.796516,203,849.483485
41.089652,411,850.249757
121.498285,967,852.068345
195.201515,1000,855.151499
98.112851,1000,856.967079
113.806414,597,858.068538
283.443705,1000,861.165174
-22.061805,99,861.346708
23.625426,664,862.573819
-19.202807,190,862.920392
257.477075,1000,865.974779
4.287554,165,866.27294
0.082406,531,867.229605
149.120187,1000,870.311638
-6.458716,103,870.496386
278.913769,1000,872.334242
50.585658,422,873.11313
77.634359,1000,876.16806
31.019359,546,877.175571
56.591444,490,878.076118
18.307249,564,880.354274
46.025384,1000,882.169137
109.882538,984,885.224156
34.945754,247,885.67008
-23.449665,112,885.876952
104.685757,1000,887.673286
93.541916,1000,890.762708
54.59005,1000,892.568248
138.198919,1000,895.629729
-19.616455,158,895.91852
121.390452,775,897.328842
145.15022,518,899.520011
92.731339,1000,901.320337
20.214882,1000,904.373335
154.162032,1000,906.196774
41.998779,678,907.433849
77.160454,888,910.295109
53.989549,1000,912.094671
10.177812,444,912.922684
-18.285902,131,914.414772
-2.083882,491,915.310164
57.727876,1000,917.154058
-13.434641,211,917.53812
156.180592,1000,920.621162
-3.152709,462,921.44961
99.710534,471,922.302929
143.802346,1000,925.38292
-13.212354,287,925.913307
147.207763,947,927.65856
-18.343367,177,927.985174
-15.788928,278,929.719229
207.929304,816,931.202649
77.473697,1000,934.299353
37.616312,1000,936.134629
95.738249,1000,937.981474
158.546048,1000,941.050066
128.024477,1000,942.865382
-2.834695,733,945.441163
-15.439653,219,945.83189
81.735798,1000,947.666562
199.941497,1000,950.742342
-19.375055,141,951.000196
-20.245432,120,951.219548
156.282849,1000,954.287267
250.977269,1000,956.141012
-17.691704,242,956.587604
-19.551595,123,956.812232
263.347646,1000,959.883769
255.765005,1000,961.715867
30.380578,1000,964.753214
48.905789,1000,966.548828
41.783599,1000,969.619731
-19.664975,147,969.8871
174.988832,1000,971.695208
188.596153,1000,974.783447
6.495287,1000,976.608799
-17.632349,133,976.852515
121.436065,1000,979.924524
37.705777,1000,981.731549
57.776121,1000,984.771125
4.586578,457,985.619329
117.971976,1000,987.449987
129.943426,1000,990.521662
48.242672,1000,992.329741
-23.095323,130,992.570013
81.797523,836,995.370671
-4.340283,423,996.149064
36.964689,579,997.229698
-21.265549,135,997.473862
-22.806317,103,997.663502
144.658949,1000,1000.735197
-12.718702,258,1001.2137
-12.72167,425,1001.988404
107.84355,1000,1005.03262
277.365144,876,1006.638025
-5.300631,841,1009.37989
177.095868,1000,1011.219501
354.953465,1000,1014.312747
-16.942907,166,1014.619055
53.949516,1000,1016.473984
-7.655999,321,1017.073661
-12.434694,286,1017.599439
87.753033,1000,1020.646117
-20.712535,114,1020.852472
127.083402,1000,1022.714445
53.291938,513,1024.885597
-19.743647,227,1025.296356
32.142019,1000,1027.130073
110.50509,1000,1030.169644
111.150188,701,1031.453568
-17.115181,950,1034.440972
124.884578,1000,1036.269455
157.042933,594,1037.370188
99.403923,1000,1040.40186
87.198307,1000,1042.235292
-8.362504,416,1044.232795
-18.539531,271,1044.722462
-22.932646,117,1044.936125
257.100071,1000,1046.788761
-8.470017,345,1047.419233
3.048017,349,1049.280151
39.889411,221,1049.692949
145.685294,581,1050.755796
212.647061,1000,1052.59652
49.455672,654,1055.046893
65.759295,816,1056.564141
55.05533,1000,1059.666472
53.407186,1000,1061.465011
108.836477,1000,1064.546314
-21.272695,107,1064.746344
208.823468,1000,1066.594173
470.175229,1000,1069.634293
330.497895,1000,1071.488113
118.600116,536,1072.469512
37.025292,419,1074.46963
88.153098,1000,1076.320442
-22.309056,116,1076.533155
12.055331,407,1077.286164
153.30899,757,1079.927914
-19.146821,169,1080.243604
181.723275,1000,1082.091085
93.393356,1000,1085.126795
52.882476,1000,1086.946162
226.786978,1000,1090.00755
-8.637986,299,1090.553304
195.622299,1000,1092.378269
63.502073,461,1094.458554
82.015372,577,1095.536293
173.433041,1000,1097.366365
130.429622,1000,1100.494177
102.241471,1000,1102.354671
118.214043,1000,1105.406559
-8.290878,269,1105.896661
40.700266,1000,1108.918451
119.52367,1000,1110.752694
323.281681,1000,1112.604501
-9.897537,382,1114.543568
-19.265439,175,1114.863277
186.603621,1000,1116.683448
13.68064,1000,1119.754009
-1.674703,462,1120.620824
139.052358,1000,1122.493796
-9.769835,328,1124.33791
49.852965,1000,1126.154759
100.827622,1000,1129.218137
121.850279,537,1130.210565
-6.566004,373,1130.882887
293.758198,1000,1133.958899
-10.161352,671,1135.18758
32.772205,1000,1137.01694
69.52011,866,1139.834502
52.20519,1000,1141.644355
-19.936939,284,1142.169345
262.704802,1000,1145.225176
-15.559581,253,1145.695261
172.784587,1000,1147.534382
36.441675,260,1149.240344
121.172379,1000,1151.072367
124.850372,1000,1154.142711
282.485016,1000,1155.991042
262.274606,1000,1159.091953
206.898395,1000,1160.922453
79.272785,552,1161.936951
-8.603503,393,1163.928083
-20.251123,157,1164.216841
42.60192,1000,1166.038488
95.271854,1000,1169.114253
53.026227,1000,1170.928435
72.521535,1000,1173.95548
203.161234,1000,1175.81026
28.298614,131,1176.058373
86.667606,1000,1179.15046
240.718824,1000,1181.005279
-14.633363,259,1181.485707
88.980201,698,1183.999975
162.22827,1000,1185.830872
145.465322,936,1187.558458
59.099883,1000,1190.604115
56.617008,1000,1192.424225
110.561238,1000,1195.460142
-16.979484,195,1195.816741
63.606096,869,1197.426256
136.721486,1000,1200.500604
184.464641,1000,1202.326642
-12.131667,371,1204.238442
227.924545,1000,1206.078864
-19.751056,144,1206.345243
116.103604,653,1207.558427
-3.539766,569,1209.830058
237.895623,865,1211.420114
-21.708439,100,1211.606047
-6.525659,844,1214.372587
126.258122,306,1214.93721
242.680089,1000,1216.780999
-18.923212,196,1217.142848
55.947079,564,1219.389778
-13.227304,354,1219.997197
108.524496,1000,1221.753906
