#{"t_start": 1791287230.209026, "env_id": "None"}
r,l,t
-29.276234,207,1.261344
-25.577736,401,1.810903
-8.516684,955,3.117325
-5.004726,1000,5.640185
-19.842099,1000,7.045926
-14.945739,1000,9.770362
36.147683,853,11.203321
-27.09968,291,11.697895
-29.786311,1000,14.477101
-6.838758,1000,16.203134
-3.521261,1000,19.055529
22.009557,1000,20.78634
30.58389,1000,23.634271
-27.040403,911,25.236211
-22.448536,707,27.629664
-12.206452,1000,29.393367
-34.951457,1000,31.145659
-9.597581,474,33.103586
3.149015,1000,34.852638
-0.918945,1000,37.729524
12.561427,1000,39.47231
14.143667,1000,42.331032
-6.397792,1000,44.084423
8.507413,1000,46.964958
-16.307831,258,47.423478
15.984039,1000,49.187568
-17.98404,192,49.532572
12.72357,1000,52.416381
11.746148,1000,54.172009
-12.824677,1000,57.065948
-19.958154,286,57.579463
27.490761,1000,59.345825
33.02326,1000,62.201713
7.531111,1000,63.960998
27.447581,1000,66.871353
-13.011836,593,67.926628
26.317038,631,70.190764
16.043183,1000,71.948482
12.82851,1000,73.71359
-18.016232,412,75.556406
35.766099,1000,77.310809
41.40488,658,79.607378
-3.387668,1000,81.364203
45.438707,1000,83.136974
-10.312613,696,85.481661
-15.325224,302,86.015227
11.571884,1000,87.780525
20.730713,1000,90.741715
18.036331,1000,92.539517
13.655974,1000,95.455934
-20.393216,227,95.862818
41.447893,1000,98.781294
55.323765,1000,100.54144
64.858238,432,101.313245
60.628601,1000,104.254117
22.224181,1000,106.100494
17.272649,1000,109.047769
-15.884687,302,109.609083
135.1425,700,110.936786
64.287888,1000,114.012599
10.694479,1000,115.951868
69.205935,1000,119.093395
36.326136,1000,120.956356
29.851413,1000,124.046475
30.666298,1000,125.839133
7.843959,1000,128.80344
18.150753,1000,130.594368
37.449581,1000,133.560034
18.433705,1000,135.360375
30.63205,1000,138.343991
-10.5033,1000,140.131689
40.247712,1000,143.094955
40.680969,675,144.305329
30.101075,1000,146.183904
43.461829,911,148.997432
31.365127,1000,150.831819
17.324649,1000,153.817499
38.126293,450,154.648003
-16.710223,205,155.013467
32.696621,216,155.406554
-9.99331,335,156.005101
-12.270008,302,156.552836
39.326183,1000,159.497843
33.951566,1000,161.297455
20.003297,1000,164.244306
59.464674,1000,166.040844
38.543643,1000,168.999129
21.777885,1000,170.784097
7.181511,1000,173.768548
29.154451,1000,175.565319
-3.027774,901,178.372265
-14.20422,203,178.73942
21.526655,1000,180.536755
35.884104,1000,183.483835
36.05248,719,184.79136
77.739006,1000,187.766181
119.636682,475,188.621683
13.296722,1000,190.454226
68.382196,1000,193.408745
39.444543,501,194.310688
5.472737,1000,197.267941
110.227815,1000,199.063226
55.950323,655,201.411864
121.902013,1000,203.212418
32.302538,676,204.420302
151.182398,1000,207.363208
32.475658,517,208.298796
49.431442,1000,211.311881
15.129516,1000,213.11276
-15.702333,368,213.796181
12.971252,1000,216.783477
43.421316,767,218.153105
100.174684,1000,221.155424
30.275108,1000,222.943196
9.432198,1000,225.89024
71.213464,1000,227.677429
27.175245,1000,230.635923
75.158303,620,231.757812
80.259641,407,232.491228
-2.435868,708,233.761361
-13.729925,1000,236.701976
33.112508,1000,238.502064
31.347778,1000,241.465201
45.990973,815,242.926199
91.427314,1000,245.888872
48.298195,993,247.674138
21.978846,1000,250.628463
12.680077,1000,252.41633
36.221767,327,253.010005
56.353117,1000,256.022154
31.069675,1000,257.859635
74.162974,1000,260.934171
52.409208,1000,262.675876
39.116597,1000,265.56996
-7.925774,371,266.224185
235.750429,833,267.722083
33.765315,1000,270.594742
9.789916,1000,272.352109
20.114679,1000,275.238346
-12.089434,1000,277.001205
44.569465,696,279.346464
5.951319,1000,281.10106
-14.559924,356,281.781635
41.022877,645,284.09036
54.696581,1000,285.941023
50.874971,1000,288.955436
22.057757,1000,290.892891
27.783543,1000,293.935822
65.715832,1000,295.856406
32.427997,1000,298.985999
25.925627,1000,300.774287
58.057975,1000,303.742842
23.151527,1000,305.534755
130.113993,1000,308.482327
27.671114,1000,310.263156
61.816534,901,311.885934
39.260982,1000,314.955648
21.166808,1000,316.670421
5.815281,683,318.981418
99.488477,1000,320.724387
10.384489,951,323.496587
109.013685,1000,325.244887
26.32547,1000,328.129921
-17.60779,259,328.585278
29.099157,1000,330.34103
52.935271,1000,333.224143
118.412084,1000,334.977424
51.030892,658,337.273054
27.50187,1000,339.035211
38.423613,647,340.18243
144.485404,1000,343.086016
44.494264,887,344.649394
-16.962753,261,345.103184
46.596278,1000,347.991022
55.459459,1000,349.745709
44.110651,938,352.512113
-18.570956,292,353.021272
6.772124,1000,355.914145
94.887449,656,357.056126
26.608071,1000,358.785517
45.628462,704,360.990535
59.501122,1000,362.361805
22.340172,1000,364.894325
-6.03406,609,365.889741
28.768378,1000,367.539431
2.02257,937,370.273176
1.985898,693,371.522469
-17.829065,265,372.004984
131.484102,1000,375.186206
48.329363,894,376.872491
-17.969513,275,377.357937
29.720556,1000,380.399022
19.688364,1000,382.338753
72.770749,1000,385.273828
23.090506,656,386.397456
33.235827,1000,389.428704
56.267801,1000,390.950468
45.707074,1000,393.474292
51.844424,574,394.467315
3.235969,718,395.78735
49.905335,1000,398.710873
17.551224,1000,400.502108
-16.06207,291,401.031214
-3.415787,818,403.681051
-17.578084,192,404.035202
146.217871,796,405.504924
35.720919,1000,408.516016
43.304828,942,410.262282
21.899066,1000,413.259544
-14.678995,264,413.744756
39.639204,1000,415.593914
-7.171411,889,418.458689
19.487816,1000,420.379205
23.88211,1000,423.426708
40.728893,766,424.873011
39.437685,602,426.065645
23.447392,1000,429.239325
59.435857,1000,431.07656
37.855573,1000,434.106492
34.58804,1000,435.975355
37.453969,1000,438.981842
29.481836,1000,440.853487
25.965404,1000,443.861808
35.652429,1000,445.70125
26.440789,1000,448.723606
-11.898229,381,449.440244
46.479788,1000,452.488077
113.357396,1000,454.346241
27.03783,1000,456.218907
75.724858,1000,459.245116
-10.309051,1000,461.11069
29.629371,1000,464.122766
23.070731,1000,466.11454
29.489421,1000,469.059928
62.145495,1000,470.920589
31.166731,1000,473.984558
18.639016,1000,475.842043
52.764934,707,478.336517
104.284616,465,479.206636
86.216352,1000,481.078913
32.818311,1000,484.144406
164.628981,1000,486.107349
25.930248,1000,489.1265
119.15515,453,489.950972
23.94762,1000,492.925411
45.826259,1000,494.769998
27.674672,308,495.353595
31.704862,681,497.776822
189.530313,1000,499.641279
89.582593,1000,502.684105
47.504628,722,504.027878
33.626235,1000,505.90634
-9.409252,483,507.983923
-14.44587,239,508.432181
43.322119,1000,510.319223
20.439783,1000,513.380243
27.212077,600,514.506142
23.595503,1000,517.571312
70.962097,986,519.4407
61.646118,1000,521.354199
184.448417,1000,524.373213
89.689689,1000,526.251287
39.906956,856,528.995259
56.273794,1000,530.870979
29.214012,255,532.52032
117.676694,933,534.286829
39.376151,521,535.257613
36.277631,1000,538.344354
0.937803,1000,540.214534
-9.981626,810,542.896677
31.380691,487,543.820049
224.521492,1000,545.686998
179.932135,1000,548.742984
22.610038,1000,550.617633
-19.633284,300,551.188121
48.456976,1000,554.199142
70.578041,1000,556.074358
37.761414,474,558.134277
-14.078379,344,558.785269
-18.25836,192,559.147804
-17.765781,232,559.58495
177.025193,1000,562.629088
43.146862,567,563.677824
-19.667366,1000,565.529089
2.826878,1000,568.554566
38.999571,904,570.267299
81.761973,838,573.043993
36.095201,1000,574.910725
31.04889,362,575.593307
-16.286009,400,576.350904
0.296715,1000,579.389474
2.696999,974,581.214571
-12.099686,467,583.253476
36.718024,805,584.755605
43.550674,533,585.747222
46.144299,1000,588.79959
62.191808,1000,590.692122
15.29185,1000,593.741335
20.159428,1000,595.614572
47.99666,1000,598.646915
28.098074,255,599.12601
39.663684,1000,601.02317
-5.706075,175,601.354845
-19.48617,144,602.791007
95.178708,1000,604.643772
95.271569,1000,607.685188
33.218909,184,608.02393
28.917527,1000,609.892172
62.933715,984,612.913195
42.85831,1000,614.777434
84.060588,1000,617.856719
90.736198,837,619.417857
-15.731542,300,619.979565
12.891354,1000,623.03267
87.343427,1000,624.900395
13.464401,1000,627.919756
-7.092823,1000,629.773685
99.394448,1000,632.863054
30.3516,1000,634.709614
-12.462393,327,635.329645
61.052238,1000,638.376859
52.213429,898,640.045903
42.554959,1000,643.067302
47.428414,1000,644.922887
-5.363795,1000,647.945922
26.409401,945,649.7032
277.345,1000,652.751159
-6.887323,721,654.101202
-7.159697,1000,655.96342
25.05813,1000,659.013463
36.113428,1000,660.916057
-0.313482,1000,663.949994
-14.778172,298,664.512734
-4.079193,722,665.863905
-5.290003,521,668.008204
22.147172,1000,669.855841
47.347941,566,670.923599
127.752342,582,673.188476
-7.481316,453,674.034861
36.44333,1000,675.910946
30.005268,1000,678.944873
183.14963,455,679.795773
-14.870651,259,680.286002
118.083458,1000,683.323284
5.753473,1000,685.181314
30.131137,1000,688.2092
-19.205007,1000,690.054585
11.627884,1000,693.106836
48.128593,1000,695.01299
62.73197,1000,698.06812
-15.191161,620,699.228648
30.919798,1000,701.10078
21.725697,1000,704.112347
50.274493,1000,705.955041
18.430736,1000,708.993399
-14.737683,499,709.934321
27.666382,146,710.207559
-4.986318,1000,713.264259
29.518971,994,715.125576
