#{"t_start": 1791287947.9483106, "env_id": "None"}
r,l,t
30.512705,164,0.335323
-13.325345,260,0.820111
48.716379,1000,2.731066
24.348244,915,5.751506
25.843925,1000,7.641914
79.352281,1000,10.834135
57.417935,1000,12.71934
146.107947,1000,15.910054
36.26816,1000,17.811558
-12.047063,369,18.507416
64.277641,1000,21.716068
-17.770465,393,22.459784
46.241452,428,23.277726
-12.265545,1000,26.437551
53.775039,716,27.772618
183.3523,759,29.202433
8.249305,1000,32.373891
-3.104853,384,33.105444
101.907761,1000,36.309673
-4.173733,1000,38.215376
-21.733741,1000,41.410243
6.350951,1000,43.291353
47.437331,528,44.300272
106.738309,1000,47.48842
107.392904,1000,49.344621
29.582734,526,50.372046
36.409791,1000,53.660436
28.669862,97,53.834045
43.262891,1000,56.871032
5.67116,919,58.578395
18.548411,629,59.75743
30.211163,163,60.052158
32.636404,638,62.500951
67.182304,629,63.679686
35.078787,653,64.890067
3.113656,949,67.755211
-10.702962,286,68.185766
56.182741,1000,69.722075
32.062026,1000,72.648001
94.218658,1000,74.505379
52.146093,1000,77.621949
67.052497,1000,79.434294
64.173314,440,81.526482
-18.818997,897,83.139536
-21.397632,470,83.995239
46.118955,508,84.924728
-16.853526,199,86.548662
-21.42534,1000,88.347828
9.932967,1000,91.428794
46.166163,1000,93.258245
131.566485,786,94.692113
6.963354,1000,97.75492
95.949664,481,98.639253
54.212642,1000,101.736943
-0.587628,930,103.452229
-16.358726,309,104.010184
43.040907,1000,107.134323
-12.015354,239,107.577298
39.779895,1000,109.387408
25.10067,365,110.057548
8.604854,548,112.303497
61.058971,1000,114.106581
110.30158,1000,117.183572
80.698319,851,118.74568
30.524634,1000,121.842401
27.534682,131,122.077723
28.206641,588,123.149903
17.988712,797,124.599966
11.351129,678,127.114305
199.063683,1000,128.931833
120.757451,421,129.703565
29.050377,235,131.40728
28.986465,1000,133.217028
95.002045,1000,135.042226
42.765405,971,138.093566
153.108535,1000,139.945444
-17.978427,166,141.504209
-16.540589,202,141.871695
30.335512,236,142.301126
-20.762798,232,142.727997
16.044845,1000,144.560626
-19.195178,327,146.41812
10.070388,1000,148.2231
38.643776,447,149.057388
-20.991623,1000,152.106791
4.153244,1000,153.951096
5.750465,549,154.949071
-13.612071,260,156.65557
91.197691,598,157.763802
-1.776601,1000,159.579744
55.249961,1000,162.756191
46.543037,378,163.457804
183.255285,508,164.384425
-6.773831,388,165.083904
-12.179132,548,167.350888
32.139836,145,167.614419
73.334861,1000,169.435598
222.99134,1000,172.613576
-15.101547,234,173.038035
23.528283,233,173.460751
240.396714,1000,176.592922
10.0828,1000,178.505772
-18.268791,1000,180.290267
48.291961,1000,183.195158
70.719018,1000,184.926789
140.391193,566,187.150141
51.432403,541,188.130576
7.940606,602,189.185677
42.026435,1000,192.2047
26.649327,230,192.613814
39.534255,673,193.803144
-12.697479,211,194.169872
104.235184,414,196.131304
142.384608,912,197.762126
66.024652,500,198.661338
-20.120359,1000,201.656383
536.082012,1000,203.427851
3.640135,613,204.524133
-22.938172,255,206.213928
3.553189,1000,207.97153
-22.505552,200,208.334296
57.672438,983,211.301304
-19.254136,1000,213.063898
-21.535859,456,213.87914
38.535184,1000,216.901471
183.142495,1000,218.710972
124.54078,1000,221.712604
-19.61947,204,222.083418
53.481139,1000,223.845488
-14.89957,366,225.726276
41.549323,341,226.334008
-16.528542,198,226.6888
-16.967089,554,227.684067
94.16265,1000,230.731492
29.565208,90,230.89126
154.061821,861,232.432372
39.157388,1000,235.433317
-21.571655,172,235.7434
-9.654742,1000,237.518205
86.201157,1000,240.562002
9.392227,674,241.764548
-17.304941,867,243.321317
25.749645,441,245.331024
92.062394,1000,247.136628
-29.761323,1000,250.128455
32.399093,1000,251.886787
93.622699,821,253.330908
45.576987,1000,256.319615
-24.408897,1000,258.089962
75.384533,629,260.490406
27.308546,1000,262.265746
5.823834,830,264.966482
-23.860193,552,265.946403
6.126987,469,266.782643
26.966642,163,267.071563
-15.747106,721,269.585502
2.523223,1000,271.352147
-23.419892,243,271.78995
53.481619,951,274.724336
-5.798119,415,275.446807
-6.254619,1000,277.211065
-4.750197,324,279.014119
604.603144,1000,280.78596
24.362036,182,281.11322
-8.913982,906,283.952688
21.63393,495,284.838671
-20.567146,215,285.226858
40.761718,1000,287.010639
2.231784,287,288.744668
97.031286,640,289.904196
26.002488,322,290.480502
66.579287,385,291.176976
23.680567,686,293.629158
-5.101611,1000,295.416162
526.253774,1000,297.209722
53.203771,529,299.408023
-18.411151,139,299.656572
58.021968,1000,301.433597
93.795997,1000,304.443851
93.473275,1000,306.226343
101.487271,1000,309.230206
-3.847952,618,310.331897
-20.359642,1000,313.315897
76.895811,1000,315.085834
-9.341789,199,315.437026
-9.171115,496,316.342489
46.674338,1000,319.36014
30.202695,1000,321.158663
28.52866,144,321.417344
27.477328,159,322.929518
26.496423,883,324.504832
21.175853,521,325.446248
31.116285,1000,328.47759
28.124859,154,328.753898
39.38062,1000,330.529005
33.169125,703,332.994501
30.349814,554,333.980687
98.812675,1000,335.741876
22.857182,1000,338.743032
-29.78364,1000,340.525685
43.684705,419,342.515477
14.396023,352,343.150779
19.967913,1000,344.934016
6.447047,696,347.39371
30.246942,128,347.625657
44.657541,1000,349.414052
59.977916,1000,352.421707
127.688553,799,353.850318
31.125946,113,354.052926
18.56697,654,355.217322
65.18448,804,357.908151
100.130393,514,358.829456
148.727184,601,359.916914
-20.868481,1000,362.915902
14.507051,1000,364.697625
30.537838,128,364.933641
70.094737,1000,367.961047
7.40272,1000,369.768363
2.713633,514,371.945273
184.707185,1000,373.725565
78.229547,265,374.21152
-16.340411,1000,377.232503
38.842481,429,377.999064
68.645495,595,379.060079
53.860853,594,380.133504
27.267268,175,381.679741
61.959377,1000,383.464921
49.05518,1000,385.271214
-20.178377,221,386.907434
-20.729725,269,387.396541
48.105214,473,388.236356
75.312521,836,389.723824
21.044244,1000,392.721395
297.930415,1000,394.509335
31.610509,206,394.877042
32.646829,1000,397.867594
29.65257,423,398.615743
46.673005,1000,401.689322
2.221333,1000,403.478939
85.532321,1000,406.513412
29.478637,131,406.748264
53.726341,823,408.21447
21.483556,919,411.070213
55.646018,556,412.061959
192.024768,1000,413.83492
25.466212,1000,416.81438
34.34639,370,417.486709
-4.978494,423,418.244598
31.746474,1000,421.239739
46.478612,1000,423.013176
31.853002,1000,425.997083
30.402032,140,426.244294
55.112016,1000,428.021224
97.000325,1000,430.999374
148.941382,1000,432.782848
152.560068,1000,435.777514
32.631611,160,436.062579
106.407873,1000,437.879945
48.63962,586,440.206947
50.239906,1000,441.998075
71.366546,1000,443.783219
11.651989,888,446.597206
-19.13895,1000,448.359622
90.588067,1000,451.381217
10.632121,1000,453.182492
4.846444,790,455.842785
20.223864,972,457.564843
52.792443,1000,460.564968
32.871512,189,460.918087
648.590975,1000,462.711092
8.345457,401,464.645617
55.219265,800,466.102129
24.230849,948,467.786036
2.3136,638,470.149226
-21.356533,209,470.525681
-18.016351,252,470.983942
-22.551138,1000,472.745633
30.749522,264,474.441483
-11.955512,1000,476.207101
35.442654,156,476.507133
-17.009696,165,476.812887
-17.393059,1000,479.809919
19.239413,1000,481.610239
21.847049,1000,484.617755
9.40979,1000,486.388186
24.684901,506,487.287046
75.48935,1000,490.288097
62.657315,610,491.386251
49.145733,671,492.585595
19.059821,1000,495.595153
33.851474,1000,497.380395
6.885041,620,499.697743
66.519426,1000,501.491526
27.53129,208,501.86077
97.925903,1000,504.878442
-17.856942,138,505.133713
5.711922,504,506.033443
3.017265,1000,509.047394
-17.870014,194,509.39867
76.736268,1000,511.167258
70.493332,1000,514.19719
42.168057,385,514.87896
97.676612,1000,516.663412
39.860259,832,519.365343
3.275786,1000,521.150723
130.368802,501,523.303548
35.128826,358,523.947806
-10.405714,234,524.365366
56.708236,1000,526.141105
44.119989,418,526.892847
125.854102,1000,529.878727
18.84464,703,531.125657
311.196934,1000,534.138998
198.393962,1000,535.917059
-16.499795,479,537.997185
-23.644785,1000,539.777056
0.332044,1000,542.810078
135.670083,1000,544.624013
76.694661,897,546.230137
57.818373,1000,549.232043
-7.488147,724,550.539285
35.645385,251,550.982484
102.311919,1000,553.982045
-25.405064,1000,555.748389
92.883093,555,557.945855
32.724722,392,558.641929
109.532342,875,560.210816
154.193748,1000,563.283037
301.246538,1000,565.090015
178.063877,1000,568.091307
15.801396,1000,569.865856
-4.038513,695,572.320952
9.015988,1000,574.090616
-6.350275,1000,577.076007
95.791989,1000,578.861785
-20.383998,534,579.808081
19.4899,445,581.841945
77.212902,1000,583.636592
23.80538,226,584.037352
43.535685,1000,587.051184
-29.918748,544,588.032041
55.81356,1000,589.810383
37.526243,838,592.533954
69.61843,1000,594.323241
-16.948386,143,594.578967
0.734711,1000,597.566951
18.768255,1000,599.333867
85.218194,1000,602.352
-4.111848,1000,604.117611
-16.034294,216,604.504134
82.367143,789,607.183702
55.768239,762,608.571223
50.653185,548,609.561926
47.83585,1000,612.578118
36.732178,1000,614.368268
34.786346,1000,617.360567
5.831806,543,618.319086
44.099587,1000,621.336478
-24.058593,339,621.949098
-17.439689,284,622.465656
83.326204,1000,624.266533
18.035132,1000,627.27832
105.297926,516,628.209467
69.865068,501,629.125463
26.46614,211,629.504667
65.519626,1000,632.540506
68.595082,835,634.040839
25.483465,355,635.894958
11.950544,1000,637.661088
70.71287,1000,640.657164
26.952525,146,640.917012
77.031777,1000,642.697964
28.139474,145,642.963466
22.983695,1000,645.939027
-0.816392,1000,647.715739
-6.077174,815,650.417994
55.412683,601,651.505612
50.414563,1000,653.326151
20.90747,1000,656.30649
114.036391,923,657.978434
117.633068,1000,660.986585
61.45785,1000,662.756866
78.432182,1000,665.75501
191.154334,1000,667.54839
19.721271,1000,670.601015
9.139471,1000,672.389196
115.543631,1000,675.394647
75.043143,1000,677.166899
-6.728134,397,677.874581
-21.092488,1000,680.834765
64.675598,325,681.425627
25.702521,1000,684.405098
177.25885,1000,686.185507
29.767478,112,686.386257
37.391236,1000,689.3938
6.437296,638,690.550218
110.137798,963,692.300265
8.707113,1000,695.323693
48.347103,1000,697.115471
51.254391,1000,700.099258
17.153248,740,701.420398
72.730381,1000,704.403678
31.406713,1000,706.17611
93.011041,956,709.09058
52.904648,1000,710.860363
3.949148,230,711.271134
28.386795,1000,714.298073
115.275048,1000,716.098097
85.37235,1000,719.109028
222.493376,1000,720.870021
-9.90087,606,721.952237
